Country,Signed,Total agreement (USD),USG (USD),Co-financing (USD),USG share,MoU USG (USD),MoU co-financing (USD),MoU basis note,Program areas,Full MoU text public,MoU PDF URL,Hosted by,Doc type,Note,Disclosure marker,How the text became public,Specimen sharing agreement URL,Data sharing agreement URL
Angola,2026-03-19,121000000.0,71000000.0,50000000.0,0.587,,,,HIV; Malaria; GHC,No,,,,,,,,
Bolivia,2026-04-17,12000000.0,10000000.0,2000000.0,0.833,,,,HIV; GHS,No,,,,,,,,
Botswana,2025-12-23,487000000.0,106000000.0,381000000.0,0.218,99640000,381497082,App.1 co-funding summary; both columns foot exactly. Three-year funding horizon (2026-2028) though the MoU runs to Sep 2030. Its USG line items do NOT sum to the printed year totals (residuals +786k/-5.52M/+1.14M); the printed totals are treated as authoritative,HIV/AIDS; GHS,Yes,https://www.citizen.org/wp-content/uploads/BOTSWANA_FL-2026-00021_August-2026-Production_RELEASE.pdf,Public Citizen,MOU (US-Botswana); THREE-year term 2026-2028,"Signed text reads ""SIGNED on December 22, 2025""; the KFF tracker dates it 23 Dec 2025. THREE-year MOU (2026-2028) - all other published MOUs run five years.",^,"Released by the U.S. State Department under Public Citizen's Freedom of Information Act requests (production FL-2026-00021, 6 Aug 2026)",,
Burkina Faso,2026-02-25,254000000.0,147000000.0,107000000.0,0.579,,,,HIV/AIDS; Malaria; MCH; GHS,No,,,,,,,,
Burundi,2026-02-06,155000000.0,129000000.0,26000000.0,0.832,129760000,26000000,"App.1 co-funding summary; both columns foot exactly. The government 'Total' column is Burundi-only, not USG+government",HIV/AIDS; Malaria; GHS,Yes,https://www.citizen.org/wp-content/uploads/BURUNDI_FL-2026-00021_August-2026-Production_RELEASE.pdf,Public Citizen,"MOU (US-Burundi); signed in English and French, English prevails",,^,"Released by the U.S. State Department under Public Citizen's Freedom of Information Act requests (production FL-2026-00021, 6 Aug 2026)",,
Cambodia,2026-04-02,36100000.0,30800000.0,5300000.0,0.853,,,,HIV/AIDS; TB; Malaria; GHS,No,,,,,,,,
Cameroon,2025-12-16,849250000.0,399250000.0,450000000.0,0.47,399300000,450000000,"App.1 summary, printed in millions to one decimal ($399.3m); the itemised category rows sum to $399.27m and budget_tidy stores the $399.25m KFF figure on its TOTAL rows. The government column is the increase in TOTAL HEALTH EXPENDITURE over the 2025 baseline, not itemised co-investment - the same appendix shows $72.62m of commodities & HRH co-investment sitting inside it",Malaria; GHS,Yes,https://www.citizen.org/wp-content/uploads/CAMEROON_FL-2026-00021_August-2026-Production_RELEASE.pdf,Public Citizen,MOU for Durable and Resilient Health Systems (US-Cameroon); non-binding,,^,"Released by the U.S. State Department under Public Citizen's Freedom of Information Act requests (production FL-2026-00021, 6 Aug 2026)",https://www.citizen.org/wp-content/uploads/64130-Cameroon-Health-Cooperation-Specimen-Sharing-Agreement-12.16.2025-1.pdf,
Côte d'Ivoire,2025-12-30,937000000.0,487000000.0,450000000.0,0.52,487180000,450000000,"App.1 p.25. The government column is footnoted as additional domestic health expenditure per year against a 2025 baseline; App.1's own itemised new co-financing table (printed cumulatively) totals $125.0m. USG components foot exactly except 2028 (-$516,000)",GHS (TB mentioned),Yes,https://www.citizen.org/wp-content/uploads/COTE-DIVOIRE_FL-2026-00021_August-2026-Production_RELEASE.pdf,Public Citizen,MOU on health (US-Côte d'Ivoire; doc ref No 00012); non-binding,,^,"Released by the U.S. State Department under Public Citizen's Freedom of Information Act requests (production FL-2026-00021, 6 Aug 2026)",https://www.citizen.org/wp-content/uploads/64106-Cote-dIvoire-Health-Specimen-Sharing-Agreement-12.30.2025.pdf,
Democratic Republic of the Congo,2026-02-26,1200000000.0,900000000.0,300000000.0,0.75,,,,HIV/AIDS; TB; Malaria; MCH; GHS,No,,,,,*,Specimen sharing agreement only: published by the U.S. government on its Case Act reporting page. Main MOU text not public.,https://www.citizen.org/wp-content/uploads/64189-Congo-DROC-Health-and-Medical-Cooperation.pdf,
Dominican Republic,2026-02-26,60800000.0,46700000.0,14100000.0,0.768,,,,HIV/AIDS; GHS,No,,,,,,,,
El Salvador,2026-02-27,51600000.0,31900000.0,19700000.0,0.618,,,,HIV/AIDS; GHS,No,,,,,,,,
Eswatini,2025-12-12,242000000.0,205000000.0,37000000.0,0.847,192700000,36789691,"App.1 p.22 summary. Its p.23 by-area table gives a government total of $36,779,592 - the summary and the itemisation disagree by $99 in 2028 and $10,000 in 2030",HIV/AIDS; GHS,Yes,https://www.citizen.org/wp-content/uploads/ESWATINI_FL-2026-00021_August-2026-Production_RELEASE.pdf,Public Citizen,MOU (US-Eswatini),"MOU prints a U.S. term total of $192,700,000 against the KFF tracker's $205,000,000; the MOU states no management-and-operations carve-out to explain the gap.",^,"Released by the U.S. State Department under Public Citizen's Freedom of Information Act requests (production FL-2026-00021, 6 Aug 2026)",https://www.citizen.org/wp-content/uploads/64101-Eswatini-Health-Specimen-Sharing-Agreement-12.12.2025.pdf,
Ethiopia,2025-12-23,1466000000.0,1016000000.0,450000000.0,0.693,1016000000,450000000,Co-funding summary (numbered Appendix 2 in this MoU). The USG category table sums to $962.17m; the $53.8m difference is the ~6% M&O carve-out. The government column is the domestic expenditure increase; the itemised new co-financing table totals $144.27m,HIV/AIDS; TB; Malaria; Polio; MCH; GHS,Yes,https://www.citizen.org/wp-content/uploads/2026-0004QN-Ethiopia-Health-12.23.2025.pdf,Public Citizen,MOU (US-Ethiopia),,*^,"Published by the U.S. government on its Case Act reporting page, and separately released under Public Citizen's Freedom of Information Act requests (production FL-2026-00021, 6 Aug 2026)",Reported to Congress; text not disclosed,
Guatemala,2026-02-27,61600000.0,60000000.0,1600000.0,0.974,,,,GHS,No,,,,,,,,
Guinea,2026-02-27,142000000.0,91000000.0,51000000.0,0.641,,,,HIV/AIDS; Malaria; MCH; Polio; GHS,No,,,,,,,,
Honduras,2026-03-13,46500000.0,29600000.0,16900000.0,0.637,,,,HIV/AIDS; GHS,No,,,,,,,,
Kenya,2025-12-04,2481470000.0,1631470000.0,850000000.0,0.657,1631470000,,"App.1 USG column sums to $1,631,470,000 and is footnoted as INCLUDING cost of doing business and audits; the itemised categories total $1,533.58m. The government column is printed in Kenyan Shillings (10/20/35/50bn over 2027-30), so the MoU prints NO USD co-financing figure - the $850m opposite is a conversion. Itemised new GoK co-financing totals $507.19m over 2026-31",HIV/AIDS; TB; Malaria; Polio; MCH; GHS,Yes,https://www.citizen.org/wp-content/uploads/2026-0007QN-Kenya-Health-12.4.2025.pdf,Public Citizen,Cooperation Framework on Health (US-Kenya),,*^,"Published by the U.S. government on its Case Act reporting page, and separately released under Public Citizen's Freedom of Information Act requests (production FL-2026-00021, 6 Aug 2026)",,https://healthpolicy-watch.news/wp-content/uploads/2025/12/US-Kenya-Data-Sharing-Agreement.pdf
Lesotho,2025-12-10,364000000.0,232000000.0,132000000.0,0.637,232000000,132495000,"App.1 co-funding summary; both columns foot exactly for the government column. USG M&O is not itemised: a footnote states the USG total includes 6 percent for management and operations, so that wedge is derived. App.1's 'GoL new funding' table is internally broken and is not used",HIV/AIDS; GHS,Yes,https://www.citizen.org/wp-content/uploads/LESOTHO_FL-2026-00021_August-2026-Production_RELEASE.pdf,Public Citizen,MOU (US-Lesotho),"MOU government co-financing total is $132,495,000 (KFF tracker rounds to $132,000,000).",^,"Released by the U.S. State Department under Public Citizen's Freedom of Information Act requests (production FL-2026-00021, 6 Aug 2026)",https://www.citizen.org/wp-content/uploads/64102-Lesotho-Health-Specimen-Sharing-Agreement-12.10.2025.pdf,
Liberia,2025-12-09,175144104.0,124418400.0,50725704.0,0.71,124418400,50725704,App.1 co-funding summary; both columns foot exactly and match the announced headline,HIV/AIDS; Malaria; MCH; GHS,Yes,https://www.citizen.org/wp-content/uploads/LIBERIA_FL-2026-00021_August-2026-Production_RELEASE.pdf,Public Citizen,MOU (US-Liberia); non-binding,,^,"Released by the U.S. State Department under Public Citizen's Freedom of Information Act requests (production FL-2026-00021, 6 Aug 2026)",,
Madagascar,2025-12-22,175000000.0,134000000.0,41000000.0,0.766,134305000,41216252,"App.1 co-funding summary; both columns foot exactly to their printed grand totals, but the USG line items under-run the printed year totals by ~$8.0M across the term, carried as an unitemised residual",Malaria; Polio; MCH; GHS,Yes,https://www.citizen.org/wp-content/uploads/MADAGASCAR_FL-2026-00021_August-2026-Production_RELEASE.pdf,Public Citizen,MOU (US-Madagascar),"Public Citizen records the date as ""Dec. 22, 2025 or Dec. 23, 2025""; the signed text reads ""SIGNED at Antananarivo on Twenty-two of December 2025"".",^,"Released by the U.S. State Department under Public Citizen's Freedom of Information Act requests (production FL-2026-00021, 6 Aug 2026)",,
Malawi,2026-01-14,936000000.0,792000000.0,144000000.0,0.846,744832500,55000000,"App.1 co-funding summary; both columns foot exactly. Materially below the announced headline ($792m): the $744.8m appears nowhere in the KFF tracker and the $792m appears nowhere in the MoU. The $143.8m once carried as co-financing is Table 5.1's 2030-only expenditure-increase pledge (ladder 0/24/50/95.8/143.8m, cumulative $313.6m), a different measure from the $55m itemised",HIV/AIDS; TB; Malaria; Polio; MCH; GHS,Yes,https://www.citizen.org/wp-content/uploads/2026-0015QN-Malawi-1.13.2026.pdf,Public Citizen,MOU (US-Malawi),"Signed text reads ""SIGNED on January 13, 2026""; the KFF tracker and Public Citizen both date the agreement 14 Jan 2026. MOU prints U.S. $744,832,500 and Malawi Government $55,000,000 against the KFF tracker's $792,000,000 and $143,800,000. The co-financing column is the residual of the announced headline pair (936 - 792); the $143.8m previously carried here is the MoU's Table 5.1 2030-only expenditure-increase pledge, not a term total, and left the row failing its own arithmetic.",*^,"Published by the U.S. government on its Case Act reporting page, and separately released under Public Citizen's Freedom of Information Act requests (production FL-2026-00021, 6 Aug 2026)",https://www.citizen.org/wp-content/uploads/64118-Malawi-Health-and-Medical-Cooperation-Specimen-Sharing-Agreement-1.13.2026.pdf,
Mozambique,2025-12-15,1899953106.0,1829380000.0,70573106.0,0.963,1829380000,70573106,App.1 co-funding summary; both columns foot exactly and match the announced headline,HIV/AIDS; TB; Malaria; Polio; MCH; GHS,Yes,https://www.citizen.org/wp-content/uploads/2026-0008QN-Mozambique-Health-12.15.2025.pdf,Public Citizen,MOU on health cooperation (US-Mozambique),,*^,"Published by the U.S. government on its Case Act reporting page, and separately released under Public Citizen's Freedom of Information Act requests (production FL-2026-00021, 6 Aug 2026)",https://www.citizen.org/wp-content/uploads/64103-Mozambique-Health-Specimen-Sharing-Agreement-12.15.2025.pdf,
Niger,2026-02-26,179300000.0,107400000.0,71900000.0,0.599,,,,Malaria; MCH; GHS,No,,,,,,,,
Nigeria,2025-12-19,5053858483.0,2078224000.0,2975634483.0,0.411,1953530560,2975634499,"App.1. The USG total EXCLUDES the 6% M&O allocation of $124,693,440 that the same page notes; adding it gives the announced $2,078,224,000. The government grand total is printed as $2,975,634,499 while its own year rows sum to $2,975,634,483 (a $16 gap)",HIV/AIDS; TB; Malaria; Polio; MCH; GHS,Yes,https://www.citizen.org/wp-content/uploads/2026-0009QN-Nigeria-Health-12.19.2025.pdf,Public Citizen,MOU on Health Cooperation (US-Nigeria); marked NOT FOR PUBLIC RELEASE,Public Citizen dates the agreement 20 Dec 2025; the KFF tracker and the source PDF filename use 19 Dec 2025.,*^,"Published by the U.S. government on its Case Act reporting page, and separately released under Public Citizen's Freedom of Information Act requests (production FL-2026-00021, 6 Aug 2026)",https://www.citizen.org/wp-content/uploads/64104-Nigeria-Health-Specimen-Sharing-Agreement-12.19.2025.pdf,
Panama,2026-02-25,33500000.0,22500000.0,11000000.0,0.672,,,,HIV/AIDS; GHS,No,,,,,,,,
Papua New Guinea,2026-04-22,18000000.0,15000000.0,3000000.0,0.833,,,,HIV/AIDS; GHS,No,,,,,,,,
Philippines,2026-04-07,,,,,,,,HIV/AIDS; TB; GHS,No,,,,Amounts not disclosed in KFF tracker,,,,
Rwanda,2025-12-05,228383460.0,157780000.0,70603460.0,0.691,157780000,70603460,App.1 co-funding summary; both columns foot exactly and match the announced headline,HIV/AIDS; Malaria; GHS,Yes,https://www.citizen.org/wp-content/uploads/RWANDA_FL-2026-00021_August-2026-Production_RELEASE.pdf,Public Citizen,MOU (US-Rwanda),,^,"Released by the U.S. State Department under Public Citizen's Freedom of Information Act requests (production FL-2026-00021, 6 Aug 2026)",https://www.citizen.org/wp-content/uploads/64193-Rwanda-Health-and-Medical-Cooperation.pdf,
Senegal,2026-03-13,90400000.0,63100000.0,27300000.0,0.698,,,,HIV/AIDS; Malaria; GHS,No,,,,,,,,
Sierra Leone,2025-12-22,173000000.0,129000000.0,44000000.0,0.746,129000000,44474405,"App.1 co-funding summary; both columns foot exactly. The government table is cumulative by its own header note; one printed cell is wrong (2027 Lab Commodities $50,000 must be $60,000 for the column to reach its printed total)",HIV/AIDS; TB; Malaria; MCH; GHS,Yes,https://www.citizen.org/wp-content/uploads/SIERRA-LEONE_FL-2026-00021_August-2026-Production_RELEASE.pdf,Public Citizen,MOU (US-Sierra Leone),,^,"Released by the U.S. State Department under Public Citizen's Freedom of Information Act requests (production FL-2026-00021, 6 Aug 2026)",,
South Sudan,2026-06-25,166000000.0,146000000.0,20000000.0,0.88,,,,HIV/AIDS; GHS,No,,,,April 2026 DRAFT text exists on Think Global Health (scanned); not the signed final,,,,
Tajikistan,2026-04-06,78000000.0,38000000.0,40000000.0,0.487,,,,HIV/AIDS; TB; GHS,No,,,,,,,,
Tanzania,2026-07-01,3100000000.0,1300000000.0,1800000000.0,0.419,,,,HIV/AIDS; TB; Malaria; Polio; MCH; GHS,No,,,,Text confirmed non-public,,,,
Uganda,2025-12-10,2296961796.0,1719960000.0,577001796.0,0.749,1719960000,577001796,App.1 co-funding summary; both columns foot exactly. The government column is footnoted as additional domestic expenditure against a 2025 baseline,HIV/AIDS; TB; Malaria; Polio; MCH; GHS,Yes,https://www.citizen.org/wp-content/uploads/2026-0012QN-Uganda-Health-12.10.2025.pdf,Public Citizen,MOU Regarding Public Health (US-Uganda); non-binding,,*,Published by the U.S. government on its Case Act reporting page,Reported to Congress; text not disclosed,
